Rank,Name on GPS,Latitude,Longitude,Elevation,mag-dirurnal
148,z25,16.2494145,77.7142111,266.447,42158.8
164,w12,16.2975379,77.7020197,251.745,42241
165,w13,16.2984692,77.7021986,249.378,42267.6
172,w20,16.3054497,77.7039334,236.353,42270.6
181,y9,16.2986029,77.6977979,252.812,42289.9
99,x10,16.27632,77.6991464,265.662,42295.5
100,x11,16.276635,77.6995908,262.91,42311.4
147,z24,16.2496061,77.7145919,262.831,42314.4
146,z23,16.2498311,77.7149573,267.377,42316
103,x14,16.2778933,77.7006755,263.923,42321
12,s9,16.2365916,77.7239145,274.794,42334.2
116,x27,16.2824766,77.7058837,258.658,42344
,u12,16.30367056,77.68607861,254.2,42359.6
,u11,16.30421389,77.68706139,249.51,42368.4
143,z20,16.2504957,77.7161174,264.118,42369
90,x1,16.2741845,77.6939528,275.08,42369.8
101,x12,16.2770051,77.6999479,261.75,42371.3
152,z29,16.2486766,77.7128899,267.45,42371.4
98,x9,16.2758942,77.6986131,267.434,42372.7
54,s14,16.2699893,77.7038038,263.55,42375.4
133,z11,16.2517071,77.7203323,262.476,42380
40,QS15,16.2603251,77.7230661,243.683,42381
142,z19,16.2506918,77.7164718,262.824,42381
145,z22,16.2500612,77.7152955,267.273,42381
151,z28,16.24875,77.7130942,265.703,42382
97,x8,16.2755085,77.6982459,265.837,42383.8
144,z21,16.2503131,77.7157834,264.076,42384
,u13,16.30333917,77.68556417,248.39,42384
,u14,16.30258333,77.68564278,246.37,42384.2
91,x2,16.2740132,77.6950684,272.208,42388
93,x4,16.2741301,77.6966621,265.822,42388
92,x3,16.2739528,77.6960791,268.78,42389
104,x15,16.2782155,77.7010737,261.146,42395.9
158,u7,16.3064714,77.6896044,241.749,42397.92
96,x7,16.2752187,77.6977524,266.8,42400
53,s13,16.2699968,77.7049322,261.182,42401
95,x6,16.274952,77.6972902,269.254,42401
41,s1,16.2751718,77.7157369,260.557,42402.88
5,s2,16.2379809,77.7310111,268.468,42403.475
105,x16,16.2786364,77.7014911,261.159,42403.7
46,s6,16.2728835,77.7108404,258.968,42404
102,x13,16.277398,77.7002523,261.522,42406.1
51,s11,16.270939,77.7065209,263.214,42406.2
109,x20,16.2795153,77.703672,262.905,42407.4
156,u5,16.3072794,77.69222,245.832,42407.4
44,s4,16.2741424,77.7125904,261.63,42408
150,z27,16.2489275,77.7134864,267.761,42408.6
94,x5,16.2747141,77.6968147,267.494,42409
132,z10,16.2517339,77.7208353,263.784,42409.5
26,QS1,16.2588933,77.7111194,255.796,42410.2
45,s5,16.2735785,77.7116746,259.494,42410.5
43,s3,16.2739694,77.7138553,258.202,42410.7
135,z13,16.2515704,77.719301,257.901,42411.2
113,x24,16.2810551,77.7048889,259.032,42413
155,U4,16.3074026,77.6932365,246.692,42413.8
107,x18,16.2791569,77.7028212,264.169,42414.4
48,s8,16.2718307,77.7092466,265.992,42415.1
79,v7,16.2877607,77.697585,263.206,42415.6
141,z18,16.2509004,77.716838,265.95,42416
117,x28,16.28223,77.7067838,262.636,42417
134,z12,16.2516753,77.7197851,261.912,42419.5
121,x32,16.2828499,77.7086897,264.425,42420.2
106,x17,16.2788994,77.7019721,259.675,42420.5
75,v3,16.2896371,77.6937818,262.406,42423.3
52,s12,16.2702939,77.7058412,260.83,42423.6
118,x29,16.28233,77.7073581,263.413,42424
136,z14,16.2515811,77.7189022,256.526,42424.6
50,s10,16.2711291,77.7076212,268.883,42424.8
47,s7,16.2723573,77.7100666,262.75,42425.07143
114,x25,16.2816092,77.7048409,256.197,42426
76,v4,16.289408,77.6948921,263.02,42426.8
140,z17,16.2511376,77.7172538,262.497,42427
119,x30,16.2826006,77.7076963,262.66,42427.8
180,y8,16.298748,77.6983438,250.2,42428.4
160,u9,16.3050295,77.6888998,245.44,42428.98
139,z16,16.2513645,77.7176334,262.629,42429
78,v6,16.2891186,77.6966334,251.396,42429.1
108,x19,16.2793049,77.7033428,259.825,42429.1
129,z7,16.2520341,77.7224084,263.093,42430
4,pro 1 s1,16.2380702,77.7319047,268.507,42430.825
157,u6,16.3069128,77.6912154,243.88,42431.1
35,QS10,16.2589489,77.7194617,249.91,42432.12
130,z8,16.2518813,77.7219335,271.073,42432.5
131,z9,16.251792,77.7213761,270.395,42433
42,s2,16.2745537,77.7148462,262.296,42433.3
120,x31,16.2827579,77.7081693,264.338,42433.6
154,U3,16.3073547,77.6941783,248.027,42434.2
49,s9,16.2714627,77.7083363,266.226,42434.6
27,QS2,16.2591182,77.7120944,249.284,42434.8
74,V2,16.2898409,77.6927081,261.743,42435.3
36,QS11,16.2588747,77.7202716,244.667,42436.08
138,z15,16.2515424,77.7182082,264.716,42436.2
80,v8,16.2870142,77.6987947,261.407,42436.4
128,z6,16.2521926,77.7228495,265.543,42438.5
88,w8,16.2936174,77.7016317,260.603,42441
185,y13,16.2987703,77.6957802,252.496,42441.2
127,z6,16.2522279,77.7232961,268.33,42441.5
110,x21,16.2799842,77.7038332,260.211,42441.8
184,y12,16.2987541,77.6961734,249.048,42443.8
159,U8,16.3056919,77.689545,242.155,42443.92
182,y10,16.2983235,77.6974301,252.603,42444.4
125,z4,16.2517358,77.7242416,272.813,42445.1
173,y1,16.2997119,77.7023463,246.612,42445.4
186,y14,16.2988521,77.6953473,251.326,42446
34,QS9,16.2590981,77.7183744,248.133,42446.18
112,x23,16.2807216,77.704669,260.144,42446.5
126,z5,16.2520203,77.7239059,272.391,42447
124,z3,16.2513922,77.7245919,267.07,42449.2
61,t6,16.2624559,77.7109091,258.877,42451
111,x22,16.2802025,77.7042506,264.53,42451
122,z1,16.2512376,77.7255728,263.388,42451.4
33,QS8,16.2594994,77.7176425,254.253,42451.8
28,QS3,16.2592435,77.7130154,254.358,42452
115,x26,16.2823278,77.7052857,256.377,42452
59,t4,16.2628106,77.7083996,259.62,42452.2
169,w17,16.3023091,77.703355,237.209,42452.2
179,y7,16.2988468,77.698897,247.11,42452.2
153,U2,16.3082374,77.6945449,246.634,42452.6
161,w9,16.2945281,77.7017424,258.22,42452.9
37,QS12,16.2593135,77.7207198,241.865,42453.02
38,QS13,16.2595889,77.7213469,243.282,42454.4
56,T1,16.2637183,77.7052372,266.424,42454.6
187,y15,16.2990063,77.6948513,250.547,42455.6
31,QS6,16.2593983,77.7158657,257.621,42456.1
58,t3,16.2630693,77.7073665,261.128,42456.6
11,s8,16.2368409,77.7247162,271.936,42456.8
57,t2,16.26339,77.7063125,260.79,42456.9
183,y10,16.2984687,77.6968402,250.124,42457
29,QS5,16.2597289,77.7139507,255.15,42457.6
123,z2,16.2513464,77.7250554,261.986,42458.3
13,s10,16.2365349,77.7236101,270.502,42459
62,t7,16.2618859,77.7117408,256.824,42459.4
60,t5,16.2626995,77.7094448,260.779,42459.6
167,w15,16.3004193,77.7027951,236.066,42461.2
9,s6,16.2375095,77.7269726,276.391,42461.54545
10,s7,16.2369485,77.7252987,276.066,42462.09091
82,w2,16.2878738,77.699524,264.537,42462.1
174,y2,16.2995903,77.7017602,246.998,42463
7,s4,16.237937,77.7287286,275.015,42463.225
65,t11,16.2650277,77.7144597,249.52,42464
175,y3,16.2994953,77.7012556,247.422,42466
,u10,16.30482028,77.68802306,245.5,42470.04
67,t13,16.2657804,77.7164943,251.722,42470.6
176,y4,16.2991299,77.7007283,245.055,42471.2
69,t15,16.2663091,77.7183876,245.397,42471.8
63,t8,16.2630223,77.7123944,259.801,42472.6
55,s15,16.2698434,77.7029528,266.632,42472.8
8,s5,16.2378304,77.728055,279.361,42472.81818
66,t12,16.2652362,77.7153399,253.43,42473.2
39,QS14,16.2599319,77.7225034,247.022,42474
68,t14,16.2663347,77.7170863,247.636,42474
30,QS5,16.260109,77.7151334,258.58,42474.4
32,QS7,16.2591064,77.7171817,256.31,42475.4
168,w16,16.3014293,77.7030858,238.642,42475.6
177,y5,16.2990661,77.700214,247.143,42475.6
70,t16,16.2663825,77.7192893,247.805,42479.2
64,s9,16.2641165,77.7125004,249.978,42480.86
171,w19,16.3045051,77.70385,240.128,42480.9
178,y6,16.2989567,77.6995887,245.814,42481
14,s11,16.2360736,77.7222455,275.61,42487.3
73,V1,16.2902311,77.6913644,259.46,42487.8
77,v4,16.2890356,77.695732,261.099,42489.5
166,w14,16.2994956,77.7025002,244.524,42489.7
170,w18,16.3034577,77.7036592,242.088,42499.6
6,s3,16.237813,77.7297548,269.126,42512.35
85,w5,16.2909108,77.7008643,261.631,42520
87,w7,16.2927425,77.7013932,261.844,42531
23,s20,16.2349475,77.7137497,272.311,42534.2
84,w4,16.2898866,77.7005724,257.218,42536
15,s12,16.2358813,77.7194713,274.909,42547.6
83,w3,16.2888978,77.7002431,250.69,42556
86,w6,16.2919796,77.7011705,259.641,42560
22,s19,16.2354724,77.7143619,273.54,42572.7
16,s13,16.2358505,77.718895,269.155,42576.3
163,w11,16.2964896,77.7018758,254.795,42581.5
21,s18,16.2355015,77.7152832,267.728,42582
17,s14,16.2357864,77.7182593,268.949,42582.1
20,s17,16.2354758,77.7159801,266.435,42583.66667
18,s15,16.2356071,77.7175381,268.97,42594.77778
149,z26,16.2492069,77.7138841,273.643,42596.2
19,s16,16.2357867,77.7169185,268.811,42612.33333
162,w10,16.2953188,77.7017564,259.164,42622.75
81,w1,16.286882,77.6989507,265.145,42723
